<xml xmlns="https://developers.google.com/blockly/xml">
  <block type="s4d_login" id="jt6TE[Z7$(AVuI*G+3H3" x="280" y="94">
    <value name="TOKEN">
      <shadow type="text" id=";1^XuiuG=vYDHu$@=Sx~">
        <field name="TEXT">MTA3NzE3MDY3NDU3MDg5OTUxOA.GS1vLY.9YGMV7mRT0A44W8TOkKGVT73IE5Gpj7giwwgJQ</field>
      </shadow>
    </value>
  </block>
  <block type="s4d_on_connected" id="i4Zhx1)l(xJY5Lc1Y90q" x="284" y="180">
    <statement name="STATEMENTS">
      <block type="s4d_set_bot_game" id="XDwbFsGg3}Qp[md@YBxP">
        <field name="OIFD">online</field>
        <field name="TYPE">WATCHING</field>
        <value name="GAME">
          <block type="jg_text_remake_paragraph_quotes" id="5CU}VxW$3E72Q`%LTews">
            <field name="TEXT">Profite de notre experience H2O en regardant plusieurs films et séries!</field>
          </block>
        </value>
      </block>
    </statement>
  </block>
</xml>